tagname,04-AI?200.PV,04-AI!700.PV,04-FC.1.-09!!!!!.PV
desc,#1       Crude Htr       Excess 02,#3 Crude Htr Excess      02,Tank 001 Naphtha Flow to ECU
eu,%,%,MBPD
01-01-09 00:09,Bad,3.443876743,1.260259748
01-01-09 00:19,4.191291809,No Data,1.256718159
01-01-09 00:29,4.189362049,??????,1.25317657
01-01-09 00:39,4.747789383,5.763707638,1.249634981
01-01-09 00:49,-9999,5.628233433,1*&!@&*!#&!#!